9091602546,Toyota,6PK1693,Gates
9091602546,Toyota,6PK1693,Contitech
9091602546,Toyota,6PK1700,Dayco
9091602546,Toyota,6PK1692,Dayco
9091602546,Toyota,MVB1690R6,AE
9091602546,Toyota,6PK1690,Bando
9091602546,Toyota,6PK1690BUM,Dayco
9091602546,Toyota,6PK1690,Masuma
9091602546,Toyota,AY14061690,PitWork
9091602546,Toyota,V98D61690,Drive Joy
MR403775,Mitsubishi,MSBCU20R,Febest
MR403775,Mitsubishi,MP1032,Masuma
MR403775,Mitsubishi,301887,Точка Опоры
MR403775,Mitsubishi,301887,Полиуретан
812200D042,Lexus,812200D041,Toyota
812200D042,Lexus,812200D040,Toyota
812200D042,Lexus,8122002130,Toyota
8113005194,Toyota,200369052,TYC
8113005194,Toyota,Y100072,Nakamoto
8113005194,Toyota,TYAVE03001R,Tong yang
3292233080,Daihatsu,3292206090,Toyota
3292233080,Daihatsu,3292206090,Lexus
8117005194,Toyota,200370052,TYC
8117005194,Toyota,Y100071,Nakamoto
8117005194,Toyota,TYAVE03001L,Tong yang
MN100250,Mitsubishi,MSBCU20F,Febest
MN100250,Mitsubishi,3011213,Точка Опоры
MN100250,Mitsubishi,301095,Полиуретан
4860902130,Toyota,T13Z121F,RBI
4860902130,Toyota,5981240,Longho
4860902130,Toyota,JDT13Z121F,Just Drive
